{"wall":{"diffuse":[0.6568627450980392,0.6297953311226451,0.602727917147251],"ambient":[0.5,0.45978860294117646,0.4195772058823529],"specular":[0.8333333333333334,0.8136744281045752,0.8136744281045752],"shininess":19.900000000000002,"isLight":false},"metall":{"diffuse":[0.5392156862745099,0.5392156862745099,0.5392156862745099],"ambient":[0.6274509803921569,0.6274509803921569,0.6274509803921569],"specular":[1,1,1],"shininess":1,"isLight":false},"dirt":{"diffuse":[0.4509803921568627,0.41399200251034657,0.24137951749327177],"ambient":[0.4,0.27647058823529413,0.1],"specular":[0.696078431372549,0.6263802666395277,0.39986123125720874],"shininess":33,"isLight":false},"player":{"diffuse":[0.7,0.7,0.7],"ambient":[0.7,0.7,0.7],"specular":[1,1,1],"shininess":5.1000000000000005,"isLight":false},"light":{"diffuse":[0.25986099096501347,0.25986099096501347,0.6372549019607843],"ambient":[0.6,0.5,0.4],"specular":[0.8,0.8,0.8],"shininess":12.5,"isLight":true},"light_inactive":{"diffuse":[0.1,0.1,0.5],"ambient":[0.6,0.5,0.4],"specular":[0.8,0.8,0.8],"shininess":24,"isLight":true},"red_led":{"diffuse":[1,0,0],"ambient":[0.6,0.5,0.4],"specular":[0.1,0.1,0.1],"shininess":4,"isLight":true},"green_led":{"diffuse":[0,0.5098039215686274,0],"ambient":[0.4,0.6,0.4],"specular":[0.1,0.1,0.1],"shininess":4,"isLight":true}}