{
  "alias" : "DroneLamp_Cube.001_Material",
  "vertices" : [0.239707,0.717307,0.0,0.239707,0.738062,0.079456,0.239707,0.917729,0.0,0.239707,0.896974,0.079456,0.239707,0.817518,-0.100211,0.239707,0.738062,-0.079456,0.239707,0.817518,0.100211,0.239707,0.896974,-0.079456,0.253999,0.726674,0.0,0.253999,0.745489,0.072029,0.253999,0.908362,0.0,0.253999,0.889547,0.072029,0.253999,0.817518,-0.090844,0.253999,0.745489,-0.072029,0.253999,0.817518,0.090844,0.253999,0.889547,-0.072029,0.26921,0.817518,0.0,0.261765,0.737926,0.0,0.26921,0.761967,0.0,0.26921,0.773472,0.044046,0.261765,0.754411,0.063107,0.26921,0.873069,0.0,0.261765,0.89711,0.0,0.261765,0.880625,0.063107,0.26921,0.861564,0.044046,0.261765,0.817518,-0.079592,0.26921,0.817518,-0.055551,0.26921,0.773472,-0.044046,0.261765,0.754411,-0.063107,0.26921,0.817518,0.055551,0.261765,0.817518,0.079592,0.26921,0.861564,-0.044046,0.261765,0.880625,-0.063107],
  "indices" : [0,9,1,4,13,5,0,13,8,4,15,12,12,32,25,27,16,18,8,20,9,6,11,3,2,15,7,6,9,14,2,11,10,10,32,15,14,20,30,16,19,18,14,23,11,31,16,26,10,23,22,16,24,29,12,28,13,19,17,18,22,24,21,27,25,26,30,19,29,27,17,28,22,31,32,31,25,32,30,24,23,8,28,17,0,8,9,4,12,13,0,5,13,4,7,15,12,15,32,27,26,16,8,17,20,6,14,11,2,10,15,6,1,9,2,3,11,10,22,32,14,9,20,16,29,19,14,30,23,31,21,16,10,11,23,16,21,24,12,25,28,19,20,17,22,23,24,27,28,25,30,20,19,27,18,17,22,21,31,31,26,25,30,29,24,8,13,28],
  "normals" : [0.5355,-0.8171,0.2134,0.5355,-0.8171,0.2134,0.5355,-0.8171,0.2134,0.5355,-0.2134,-0.8171,0.5355,-0.2134,-0.8171,0.5355,-0.2134,-0.8171,0.5355,-0.8171,-0.2134,0.5355,-0.8171,-0.2134,0.5355,-0.8171,-0.2134,0.5355,0.2134,-0.8171,0.5355,0.2134,-0.8171,0.5355,0.2134,-0.8171,0.8141,0.1468,-0.5619,0.8141,0.1468,-0.5619,0.8141,0.1468,-0.5619,1.0,0.0,0.0,1.0,0.0,0.0,1.0,0.0,0.0,0.8141,-0.5619,0.1468,0.8141,-0.5619,0.1468,0.8141,-0.5619,0.1468,0.5355,0.2134,0.8171,0.5355,0.2134,0.8171,0.5355,0.2134,0.8171,0.5355,0.8171,-0.2134,0.5355,0.8171,-0.2134,0.5355,0.8171,-0.2134,0.5355,-0.2134,0.8171,0.5355,-0.2134,0.8171,0.5355,-0.2134,0.8171,0.5355,0.8171,0.2134,0.5355,0.8171,0.2134,0.5355,0.8171,0.2134,0.8141,0.5619,-0.1468,0.8141,0.5619,-0.1468,0.8141,0.5619,-0.1468,0.8141,-0.1468,0.5619,0.8141,-0.1468,0.5619,0.8141,-0.1468,0.5619,1.0,0.0,0.0,1.0,0.0,0.0,1.0,0.0,0.0,0.8141,0.1468,0.5619,0.8141,0.1468,0.5619,0.8141,0.1468,0.5619,1.0,0.0,0.0,1.0,0.0,0.0,1.0,0.0,0.0,0.8141,0.5619,0.1468,0.8141,0.5619,0.1468,0.8141,0.5619,0.1468,1.0,0.0,0.0,1.0,0.0,0.0,1.0,0.0,0.0,0.8141,-0.1468,-0.5619,0.8141,-0.1468,-0.5619,0.8141,-0.1468,-0.5619,0.9524,-0.295,0.077,0.9524,-0.295,0.077,0.9524,-0.295,0.077,0.9524,0.295,0.077,0.9524,0.295,0.077,0.9524,0.295,0.077,0.9524,-0.077,-0.295,0.9524,-0.077,-0.295,0.9524,-0.077,-0.295,0.9524,-0.077,0.295,0.9524,-0.077,0.295,0.9524,-0.077,0.295,0.9524,-0.295,-0.077,0.9524,-0.295,-0.077,0.9524,-0.295,-0.077,0.9524,0.295,-0.077,0.9524,0.295,-0.077,0.9524,0.295,-0.077,0.9524,0.077,-0.295,0.9524,0.077,-0.295,0.9524,0.077,-0.295,0.9524,0.077,0.295,0.9524,0.077,0.295,0.9524,0.077,0.295,0.8141,-0.5619,-0.1468,0.8141,-0.5619,-0.1468,0.8141,-0.5619,-0.1468,0.5355,-0.8171,0.2134,0.5355,-0.8171,0.2134,0.5355,-0.8171,0.2134,0.5355,-0.2134,-0.8171,0.5355,-0.2134,-0.8171,0.5355,-0.2134,-0.8171,0.5355,-0.8171,-0.2134,0.5355,-0.8171,-0.2134,0.5355,-0.8171,-0.2134,0.5355,0.2134,-0.8171,0.5355,0.2134,-0.8171,0.5355,0.2134,-0.8171,0.8141,0.1468,-0.5619,0.8141,0.1468,-0.5619,0.8141,0.1468,-0.5619,1.0,0.0,0.0,1.0,0.0,0.0,1.0,0.0,0.0,0.8141,-0.5619,0.1468,0.8141,-0.5619,0.1468,0.8141,-0.5619,0.1468,0.5355,0.2134,0.8171,0.5355,0.2134,0.8171,0.5355,0.2134,0.8171,0.5355,0.8171,-0.2134,0.5355,0.8171,-0.2134,0.5355,0.8171,-0.2134,0.5355,-0.2134,0.8171,0.5355,-0.2134,0.8171,0.5355,-0.2134,0.8171,0.5355,0.8171,0.2134,0.5355,0.8171,0.2134,0.5355,0.8171,0.2134,0.8141,0.5619,-0.1468,0.8141,0.5619,-0.1468,0.8141,0.5619,-0.1468,0.8141,-0.1468,0.5619,0.8141,-0.1468,0.5619,0.8141,-0.1468,0.5619,1.0,0.0,0.0,1.0,0.0,0.0,1.0,0.0,0.0,0.8141,0.1468,0.5619,0.8141,0.1468,0.5619,0.8141,0.1468,0.5619,1.0,0.0,0.0,1.0,0.0,0.0,1.0,0.0,0.0,0.8141,0.5619,0.1468,0.8141,0.5619,0.1468,0.8141,0.5619,0.1468,1.0,0.0,0.0,1.0,0.0,0.0,1.0,0.0,0.0,0.8141,-0.1468,-0.5619,0.8141,-0.1468,-0.5619,0.8141,-0.1468,-0.5619,0.9524,-0.295,0.077,0.9524,-0.295,0.077,0.9524,-0.295,0.077,0.9524,0.295,0.077,0.9524,0.295,0.077,0.9524,0.295,0.077,0.9524,-0.077,-0.295,0.9524,-0.077,-0.295,0.9524,-0.077,-0.295,0.9524,-0.077,0.295,0.9524,-0.077,0.295,0.9524,-0.077,0.295,0.9524,-0.295,-0.077,0.9524,-0.295,-0.077,0.9524,-0.295,-0.077,0.9524,0.295,-0.077,0.9524,0.295,-0.077,0.9524,0.295,-0.077,0.9524,0.077,-0.295,0.9524,0.077,-0.295,0.9524,0.077,-0.295,0.9524,0.077,0.295,0.9524,0.077,0.295,0.9524,0.077,0.295,0.8141,-0.5619,-0.1468,0.8141,-0.5619,-0.1468,0.8141,-0.5619,-0.1468],
  "Ns" : 323.99999,
  "Ka" : [1.00000,1.00000,1.00000],
  "Kd" : [0.80000,0.80000,0.80000],
  "Ks" : [0.50000,0.50000,0.50000],
  "Ni" : 1.45000,
  "d" : 1.00000,
  "illum" : 2
}