{
  "alias" : "BodyLED_Cylinder.002_None",
  "vertices" : [0.0,0.81473,-0.208617,0.015207,0.808431,-0.208617,0.021507,0.793223,-0.208617,0.015207,0.778016,-0.208617,-0.0,0.771717,-0.208617,-0.015207,0.778016,-0.208617,-0.021507,0.793223,-0.208617,-0.015207,0.808431,-0.208617,-0.0,0.808506,-0.218199,0.0,0.812322,-0.215619,0.013505,0.806728,-0.215619,0.010806,0.80403,-0.218199,0.019099,0.793223,-0.215619,0.015282,0.793223,-0.218199,0.013505,0.779718,-0.215619,0.010806,0.782417,-0.218199,-0.0,0.774124,-0.215619,-0.0,0.777941,-0.218199,-0.013505,0.779718,-0.215619,-0.010806,0.782417,-0.218199,-0.019099,0.793223,-0.215619,-0.015282,0.793223,-0.218199,-0.013505,0.806728,-0.215619,-0.010806,0.80403,-0.218199],
  "indices" : [0,22,7,6,18,5,4,14,3,15,19,23,1,12,10,6,22,20,5,16,4,3,12,2,10,8,9,12,11,10,12,15,13,14,17,15,18,17,16,20,19,18,20,23,21,22,8,23,1,9,0,0,9,22,6,20,18,4,16,14,23,8,11,11,13,15,15,17,19,19,21,23,23,11,15,1,2,12,6,7,22,5,18,16,3,14,12,10,11,8,12,13,11,12,14,15,14,16,17,18,19,17,20,21,19,20,22,23,22,9,8,1,10,9],
  "normals" : [-0.3647,0.8805,-0.3027,-0.3647,0.8805,-0.3027,-0.3647,0.8805,-0.3027,-0.8805,-0.3647,-0.3027,-0.8805,-0.3647,-0.3027,-0.8805,-0.3647,-0.3027,0.3647,-0.8805,-0.3028,0.3647,-0.8805,-0.3028,0.3647,-0.8805,-0.3028,0.0,0.0,-1.0,0.0,0.0,-1.0,0.0,0.0,-1.0,0.8805,0.3647,-0.3027,0.8805,0.3647,-0.3027,0.8805,0.3647,-0.3027,-0.8805,0.3647,-0.3027,-0.8805,0.3647,-0.3027,-0.8805,0.3647,-0.3027,-0.3647,-0.8805,-0.3027,-0.3647,-0.8805,-0.3027,-0.3647,-0.8805,-0.3027,0.8805,-0.3647,-0.3028,0.8805,-0.3647,-0.3028,0.8805,-0.3647,-0.3028,0.226,0.5455,-0.8071,0.226,0.5455,-0.8071,0.226,0.5455,-0.8071,0.5455,0.226,-0.8071,0.5455,0.226,-0.8071,0.5455,0.226,-0.8071,0.5455,-0.226,-0.8071,0.5455,-0.226,-0.8071,0.5455,-0.226,-0.8071,0.226,-0.5455,-0.8071,0.226,-0.5455,-0.8071,0.226,-0.5455,-0.8071,-0.226,-0.5455,-0.8071,-0.226,-0.5455,-0.8071,-0.226,-0.5455,-0.8071,-0.5455,-0.226,-0.8071,-0.5455,-0.226,-0.8071,-0.5455,-0.226,-0.8071,-0.5455,0.226,-0.8071,-0.5455,0.226,-0.8071,-0.5455,0.226,-0.8071,-0.226,0.5455,-0.8071,-0.226,0.5455,-0.8071,-0.226,0.5455,-0.8071,0.3647,0.8805,-0.3027,0.3647,0.8805,-0.3027,0.3647,0.8805,-0.3027,-0.3647,0.8805,-0.3027,-0.3647,0.8805,-0.3027,-0.3647,0.8805,-0.3027,-0.8805,-0.3647,-0.3027,-0.8805,-0.3647,-0.3027,-0.8805,-0.3647,-0.3027,0.3647,-0.8805,-0.3027,0.3647,-0.8805,-0.3027,0.3647,-0.8805,-0.3027,0.0,0.0,-1.0,0.0,0.0,-1.0,0.0,0.0,-1.0,0.0,0.0,-1.0,0.0,0.0,-1.0,0.0,0.0,-1.0,0.0,0.0,-1.0,0.0,0.0,-1.0,0.0,0.0,-1.0,0.0,0.0,-1.0,0.0,0.0,-1.0,0.0,0.0,-1.0,0.0,0.0,-1.0,0.0,0.0,-1.0,0.0,0.0,-1.0,0.8805,0.3647,-0.3027,0.8805,0.3647,-0.3027,0.8805,0.3647,-0.3027,-0.8805,0.3647,-0.3027,-0.8805,0.3647,-0.3027,-0.8805,0.3647,-0.3027,-0.3647,-0.8805,-0.3028,-0.3647,-0.8805,-0.3028,-0.3647,-0.8805,-0.3028,0.8805,-0.3647,-0.3027,0.8805,-0.3647,-0.3027,0.8805,-0.3647,-0.3027,0.226,0.5455,-0.8071,0.226,0.5455,-0.8071,0.226,0.5455,-0.8071,0.5455,0.226,-0.8071,0.5455,0.226,-0.8071,0.5455,0.226,-0.8071,0.5455,-0.226,-0.8071,0.5455,-0.226,-0.8071,0.5455,-0.226,-0.8071,0.226,-0.5455,-0.8071,0.226,-0.5455,-0.8071,0.226,-0.5455,-0.8071,-0.226,-0.5455,-0.8071,-0.226,-0.5455,-0.8071,-0.226,-0.5455,-0.8071,-0.5455,-0.226,-0.8071,-0.5455,-0.226,-0.8071,-0.5455,-0.226,-0.8071,-0.5455,0.226,-0.8071,-0.5455,0.226,-0.8071,-0.5455,0.226,-0.8071,-0.226,0.5455,-0.8071,-0.226,0.5455,-0.8071,-0.226,0.5455,-0.8071,0.3647,0.8805,-0.3028,0.3647,0.8805,-0.3028,0.3647,0.8805,-0.3028],
  "Ns" : 500.00000,
  "Ka" : [0.80000,0.80000,0.80000],
  "Kd" : [0.80000,0.80000,0.80000],
  "Ks" : [0.80000,0.80000,0.80000],
  "d" : 1.00000,
  "illum" : 2
}