{
  "alias" : "HeadLED_Cube.001_None",
  "vertices" : [0.076954,1.137998,0.035232,0.076954,1.137998,-0.002569,0.113215,1.12732,0.035232,0.113215,1.12732,-0.002569,0.094038,1.172373,0.028555,0.085746,1.167854,0.035232,0.094037,1.172373,0.004109,0.085746,1.167854,-0.002569,0.117487,1.165468,0.028555,0.122007,1.157176,0.035232,0.117487,1.165468,0.004109,0.122007,1.157176,-0.002569],
  "indices" : [10,4,8,11,2,3,5,1,0,3,0,1,1,11,3,6,5,4,6,11,7,8,11,10,4,9,8,9,0,2,10,6,4,11,9,2,5,7,1,3,2,0,1,7,11,6,7,5,6,10,11,8,9,11,4,5,9,9,5,0],
  "normals" : [0.2825,0.9593,0.0,0.2825,0.9593,0.0,0.2825,0.9593,0.0,0.9593,-0.2825,0.0,0.9593,-0.2825,0.0,0.9593,-0.2825,0.0,-0.9593,0.2825,0.0,-0.9593,0.2825,0.0,-0.9593,0.2825,0.0,-0.2825,-0.9593,0.0,-0.2825,-0.9593,0.0,-0.2825,-0.9593,0.0,0.0,0.0,-1.0,0.0,0.0,-1.0,0.0,0.0,-1.0,-0.4786,0.8781,0.0,-0.4786,0.8781,0.0,-0.4786,0.8781,0.0,0.1997,0.6783,-0.7071,0.1997,0.6783,-0.7071,0.1997,0.6783,-0.7071,0.8781,0.4786,-0.0,0.8781,0.4786,-0.0,0.8781,0.4786,-0.0,0.1997,0.6783,0.7071,0.1997,0.6783,0.7071,0.1997,0.6783,0.7071,0.0,0.0,1.0,0.0,0.0,1.0,0.0,0.0,1.0,0.2825,0.9593,0.0,0.2825,0.9593,0.0,0.2825,0.9593,0.0,0.9593,-0.2825,0.0,0.9593,-0.2825,0.0,0.9593,-0.2825,0.0,-0.9593,0.2825,0.0,-0.9593,0.2825,0.0,-0.9593,0.2825,0.0,-0.2825,-0.9593,0.0,-0.2825,-0.9593,0.0,-0.2825,-0.9593,0.0,0.0,0.0,-1.0,0.0,0.0,-1.0,0.0,0.0,-1.0,-0.4786,0.8781,0.0,-0.4786,0.8781,0.0,-0.4786,0.8781,0.0,0.1997,0.6783,-0.7071,0.1997,0.6783,-0.7071,0.1997,0.6783,-0.7071,0.8781,0.4786,-0.0,0.8781,0.4786,-0.0,0.8781,0.4786,-0.0,0.1997,0.6783,0.7071,0.1997,0.6783,0.7071,0.1997,0.6783,0.7071,0.0,0.0,1.0,0.0,0.0,1.0,0.0,0.0,1.0],
  "Ns" : 500.00000,
  "Ka" : [0.80000,0.80000,0.80000],
  "Kd" : [0.80000,0.80000,0.80000],
  "Ks" : [0.80000,0.80000,0.80000],
  "d" : 1.00000,
  "illum" : 2
}