{
  "alias" : "ChestLight_Cube.002_Material",
  "vertices" : [-0.00703,0.169745,0.04379,0.00703,0.169745,0.04379,-0.0,0.162918,0.040787,0.006936,0.307762,0.157369,-0.006936,0.307762,0.157369,-0.0,0.310842,0.161244,0.007031,0.20261,0.058303,-0.007031,0.20261,0.058303,-0.006998,0.269235,0.109455,0.006998,0.269235,0.109455,0.007024,0.238519,0.080511,-0.007024,0.238519,0.080511,0.004675,0.312533,0.151163,0.006936,0.311262,0.152817,-0.0,0.314342,0.156691,-0.0,0.314587,0.153747,0.004786,0.174516,0.037584,0.00703,0.173243,0.039239,-0.004786,0.174516,0.037584,-0.00703,0.173243,0.039239,-0.0,0.166417,0.036235,-0.0,0.16989,0.035549,-0.006936,0.311262,0.152817,-0.004675,0.312533,0.151163,0.004799,0.24329,0.074305,0.007024,0.242019,0.075958,-0.007024,0.242019,0.075958,-0.004799,0.24329,0.074305,-0.006998,0.272735,0.104903,-0.004762,0.274006,0.103249,0.006998,0.272735,0.104903,0.004762,0.274006,0.103249,0.007031,0.20611,0.053751,0.004803,0.207382,0.052097,-0.007031,0.20611,0.053751,-0.004803,0.207382,0.052097,0.0,0.327759,0.210452,0.0,0.338459,0.213409,0.0,0.343338,0.218927,0.0,0.324839,0.221023,0.0,0.332744,0.223097,-0.017308,0.333115,0.232793,-0.018988,0.32524,0.231102,0.018988,0.32524,0.231102,0.017308,0.333115,0.232793,0.0,0.333153,0.250111,-0.025992,0.327191,0.224097,-0.025461,0.327759,0.220991,0.025461,0.327759,0.220991,0.025992,0.327191,0.224097,-0.024023,0.337267,0.226079,-0.023375,0.338459,0.223087,0.023375,0.338459,0.223087,0.024023,0.337267,0.226079,-0.020984,0.341039,0.229124,-0.01947,0.343338,0.22699,0.01947,0.343338,0.22699,0.020984,0.341039,0.229124,0.0,0.341024,0.250121,0.0,0.343338,0.246466],
  "indices" : [18,33,16,10,32,25,18,16,21,11,34,7,1,20,17,0,20,2,11,28,26,4,14,22,10,30,9,29,24,27,3,14,5,6,17,32,7,19,0,27,33,35,9,13,3,8,22,28,12,23,15,34,18,19,26,35,34,26,29,27,30,12,13,28,23,29,25,33,24,14,23,22,25,31,30,14,12,15,17,21,16,19,21,20,32,16,33,23,31,29,46,41,50,49,44,43,53,57,44,54,50,41,58,41,45,40,42,39,43,40,39,40,45,41,37,55,38,48,43,39,37,56,52,47,37,36,38,59,56,58,44,57,48,37,52,50,47,46,48,53,49,52,57,53,51,54,55,59,54,58,57,59,58,47,39,42,18,35,33,10,6,32,11,26,34,1,2,20,0,19,20,11,8,28,4,5,14,10,25,30,29,31,24,3,13,14,6,1,17,7,34,19,27,24,33,9,30,13,8,4,22,34,35,18,26,27,35,26,28,29,30,31,12,28,22,23,25,32,33,14,15,23,25,24,31,14,13,12,17,20,21,19,18,21,32,17,16,23,12,31,46,42,41,49,53,44,58,54,41,40,41,42,43,44,40,40,44,45,37,51,55,39,36,48,48,49,43,37,38,56,47,51,37,38,55,59,58,45,44,48,36,37,50,51,47,48,52,53,52,56,57,51,50,54,59,55,54,57,56,59,42,46,47,47,36,39],
  "normals" : [0.0,0.4039,-0.9148,0.0,0.4039,-0.9148,0.0,0.4039,-0.9148,1.0,0.0001,0.0001,1.0,0.0001,0.0001,1.0,0.0001,0.0001,0.0,0.4027,-0.9153,0.0,0.4027,-0.9153,0.0,0.4027,-0.9153,-1.0,0.0001,0.0001,-1.0,0.0001,0.0001,-1.0,0.0001,0.0001,0.7176,-0.5522,-0.4245,0.7176,-0.5522,-0.4245,0.7176,-0.5522,-0.4245,-0.7176,-0.5522,-0.4245,-0.7176,-0.5522,-0.4245,-0.7176,-0.5522,-0.4245,-1.0,0.0005,0.0004,-1.0,0.0005,0.0004,-1.0,0.0005,0.0004,-0.5693,0.6518,0.5011,-0.5693,0.6518,0.5011,-0.5693,0.6518,0.5011,1.0,0.0005,0.0004,1.0,0.0005,0.0004,1.0,0.0005,0.0004,0.0,0.6858,-0.7278,0.0,0.6858,-0.7278,0.0,0.6858,-0.7278,0.5693,0.6518,0.5011,0.5693,0.6518,0.5011,0.5693,0.6518,0.5011,1.0,-0.0,-0.0,1.0,-0.0,-0.0,1.0,-0.0,-0.0,-1.0,-0.0,-0.0,-1.0,-0.0,-0.0,-1.0,-0.0,-0.0,0.0,0.526,-0.8505,0.0,0.526,-0.8505,0.0,0.526,-0.8505,1.0,0.0008,0.0006,1.0,0.0008,0.0006,1.0,0.0008,0.0006,-1.0,0.0008,0.0006,-1.0,0.0008,0.0006,-1.0,0.0008,0.0006,0.0,0.7828,-0.6223,0.0,0.7828,-0.6223,0.0,0.7828,-0.6223,-0.6705,0.2997,-0.6787,-0.6705,0.2997,-0.6787,-0.6705,0.2997,-0.6787,-0.6818,0.3849,-0.6222,-0.6818,0.3849,-0.6222,-0.6818,0.3849,-0.6222,-0.682,0.502,-0.5319,-0.682,0.502,-0.5319,-0.682,0.502,-0.5319,0.6674,0.5808,-0.4661,0.6674,0.5808,-0.4661,0.6674,0.5808,-0.4661,-0.6715,0.578,-0.4636,-0.6715,0.578,-0.4636,-0.6715,0.578,-0.4636,0.682,0.3848,-0.622,0.682,0.3848,-0.622,0.682,0.3848,-0.622,-0.4423,0.8931,0.0818,-0.4423,0.8931,0.0818,-0.4423,0.8931,0.0818,0.6803,0.503,-0.5331,0.6803,0.503,-0.5331,0.6803,0.503,-0.5331,0.4355,0.8971,0.0747,0.4355,0.8971,0.0747,0.4355,0.8971,0.0747,0.5205,-0.1703,-0.8367,0.5205,-0.1703,-0.8367,0.5205,-0.1703,-0.8367,-0.5192,-0.1658,-0.8384,-0.5192,-0.1658,-0.8384,-0.5192,-0.1658,-0.8384,0.673,0.2985,-0.6768,0.673,0.2985,-0.6768,0.673,0.2985,-0.6768,0.0,0.7793,-0.6266,0.0,0.7793,-0.6266,0.0,0.7793,-0.6266,-0.7073,-0.0009,0.7069,-0.7073,-0.0009,0.7069,-0.7073,-0.0009,0.7069,0.7073,-0.0009,0.7069,0.7073,-0.0009,0.7069,0.7073,-0.0009,0.7069,0.7073,-0.0009,0.7069,0.7073,-0.0009,0.7069,0.7073,-0.0009,0.7069,-0.7073,-0.0009,0.7069,-0.7073,-0.0009,0.7069,-0.7073,-0.0009,0.7069,-0.7073,-0.0009,0.7069,-0.7073,-0.0009,0.7069,-0.7073,-0.0009,0.7069,0.453,-0.2262,0.8623,0.453,-0.2262,0.8623,0.453,-0.2262,0.8623,-0.453,-0.2262,0.8623,-0.453,-0.2262,0.8623,-0.453,-0.2262,0.8623,-0.013,-0.9998,0.0151,-0.013,-0.9998,0.0151,-0.013,-0.9998,0.0151,-0.2645,0.7225,-0.6388,-0.2645,0.7225,-0.6388,-0.2645,0.7225,-0.6388,0.1121,-0.9787,-0.1721,0.1121,-0.9787,-0.1721,0.1121,-0.9787,-0.1721,0.2644,0.7226,-0.6387,0.2644,0.7226,-0.6387,0.2644,0.7226,-0.6387,-0.3706,0.2474,-0.8953,-0.3706,0.2474,-0.8953,-0.3706,0.2474,-0.8953,0.0,1.0,0.0,0.0,1.0,0.0,0.0,1.0,0.0,0.7073,-0.0009,0.7069,0.7073,-0.0009,0.7069,0.7073,-0.0009,0.7069,0.3706,0.2476,-0.8952,0.3706,0.2476,-0.8952,0.3706,0.2476,-0.8952,-0.9686,0.2142,-0.1264,-0.9686,0.2142,-0.1264,-0.9686,0.2142,-0.1264,0.9686,0.2142,-0.1264,0.9686,0.2142,-0.1264,0.9686,0.2142,-0.1264,0.8015,0.5946,0.0632,0.8015,0.5946,0.0632,0.8015,0.5946,0.0632,-0.8041,0.5909,0.0658,-0.8041,0.5909,0.0658,-0.8041,0.5909,0.0658,-0.4715,0.7451,0.4717,-0.4715,0.7451,0.4717,-0.4715,0.7451,0.4717,0.4715,0.7451,0.4717,0.4715,0.7451,0.4717,0.4715,0.7451,0.4717,-0.1121,-0.9787,-0.1721,-0.1121,-0.9787,-0.1721,-0.1121,-0.9787,-0.1721,0.0,0.4039,-0.9148,0.0,0.4039,-0.9148,0.0,0.4039,-0.9148,1.0,0.0001,0.0001,1.0,0.0001,0.0001,1.0,0.0001,0.0001,-1.0,0.0001,0.0001,-1.0,0.0001,0.0001,-1.0,0.0001,0.0001,0.7176,-0.5522,-0.4245,0.7176,-0.5522,-0.4245,0.7176,-0.5522,-0.4245,-0.7176,-0.5522,-0.4245,-0.7176,-0.5522,-0.4245,-0.7176,-0.5522,-0.4245,-1.0,0.0005,0.0004,-1.0,0.0005,0.0004,-1.0,0.0005,0.0004,-0.5693,0.6518,0.5011,-0.5693,0.6518,0.5011,-0.5693,0.6518,0.5011,1.0,0.0005,0.0004,1.0,0.0005,0.0004,1.0,0.0005,0.0004,0.0,0.6858,-0.7278,0.0,0.6858,-0.7278,0.0,0.6858,-0.7278,0.5693,0.6518,0.5011,0.5693,0.6518,0.5011,0.5693,0.6518,0.5011,1.0,-0.0,-0.0,1.0,-0.0,-0.0,1.0,-0.0,-0.0,-1.0,-0.0,-0.0,-1.0,-0.0,-0.0,-1.0,-0.0,-0.0,0.0,0.526,-0.8505,0.0,0.526,-0.8505,0.0,0.526,-0.8505,1.0,0.0008,0.0006,1.0,0.0008,0.0006,1.0,0.0008,0.0006,-1.0,0.0008,0.0006,-1.0,0.0008,0.0006,-1.0,0.0008,0.0006,-0.673,0.2985,-0.6768,-0.673,0.2985,-0.6768,-0.673,0.2985,-0.6768,-0.682,0.3848,-0.622,-0.682,0.3848,-0.622,-0.682,0.3848,-0.622,-0.6803,0.503,-0.5331,-0.6803,0.503,-0.5331,-0.6803,0.503,-0.5331,0.6715,0.578,-0.4636,0.6715,0.578,-0.4636,0.6715,0.578,-0.4636,-0.6674,0.5808,-0.4661,-0.6674,0.5808,-0.4661,-0.6674,0.5808,-0.4661,0.6818,0.3849,-0.6222,0.6818,0.3849,-0.6222,0.6818,0.3849,-0.6222,-0.4355,0.8971,0.0747,-0.4355,0.8971,0.0747,-0.4355,0.8971,0.0747,0.682,0.502,-0.5319,0.682,0.502,-0.5319,0.682,0.502,-0.5319,0.4423,0.8931,0.0818,0.4423,0.8931,0.0818,0.4423,0.8931,0.0818,0.5192,-0.1658,-0.8384,0.5192,-0.1658,-0.8384,0.5192,-0.1658,-0.8384,-0.5205,-0.1703,-0.8367,-0.5205,-0.1703,-0.8367,-0.5205,-0.1703,-0.8367,0.6705,0.2997,-0.6787,0.6705,0.2997,-0.6787,0.6705,0.2997,-0.6787,0.0,0.7793,-0.6266,0.0,0.7793,-0.6266,0.0,0.7793,-0.6266,-0.7073,-0.0009,0.7069,-0.7073,-0.0009,0.7069,-0.7073,-0.0009,0.7069,0.7073,-0.0009,0.7069,0.7073,-0.0009,0.7069,0.7073,-0.0009,0.7069,-0.7073,-0.0009,0.7069,-0.7073,-0.0009,0.7069,-0.7073,-0.0009,0.7069,0.4647,-0.2796,0.8402,0.4647,-0.2796,0.8402,0.4647,-0.2796,0.8402,-0.4647,-0.2796,0.8402,-0.4647,-0.2796,0.8402,-0.4647,-0.2796,0.8402,0.013,-0.9998,0.0151,0.013,-0.9998,0.0151,0.013,-0.9998,0.0151,-0.2644,0.7226,-0.6387,-0.2644,0.7226,-0.6387,-0.2644,0.7226,-0.6387,0.1096,-0.9581,