{
  "alias" : "RocketLauncherLamp_Cylinder.003_None",
  "vertices" : [-0.021107,0.085999,-0.370607,0.021107,0.085999,-0.370607,0.017745,0.07711,-0.269529,-0.017745,0.07711,-0.269529,-0.021107,0.091728,-0.370104,-0.009394,0.102022,-0.357824,-0.017676,0.099418,-0.366096,0.009394,0.102022,-0.357824,0.021107,0.091728,-0.370104,0.017676,0.099418,-0.366096,0.017745,0.082839,-0.269026,0.006783,0.095119,-0.27932,0.014534,0.091111,-0.27163,-0.006783,0.095119,-0.27932,-0.017745,0.082839,-0.269026,-0.014534,0.091111,-0.27163],
  "indices" : [1,10,2,0,14,4,2,14,3,11,5,13,7,6,5,9,4,6,13,12,11,15,10,12,7,12,9,9,10,8,14,6,4,15,5,6,0,8,1,1,8,10,0,3,14,2,10,14,11,7,5,7,9,6,9,8,4,13,15,12,15,14,10,7,11,12,9,12,10,14,15,6,15,13,5,0,4,8],
  "normals" : [0.9995,-0.0029,0.033,0.9995,-0.0029,0.033,0.9995,-0.0029,0.033,-0.9995,-0.0029,0.033,-0.9995,-0.0029,0.033,-0.9995,-0.0029,0.033,0.0,-0.0876,0.9962,0.0,-0.0876,0.9962,0.0,-0.0876,0.9962,0.0,0.9962,0.0876,0.0,0.9962,0.0876,0.0,0.9962,0.0876,0.0,0.9539,-0.3003,0.0,0.9539,-0.3003,0.0,0.9539,-0.3003,0.0,0.4621,-0.8868,0.0,0.4621,-0.8868,0.0,0.4621,-0.8868,0.0,0.8868,0.4621,0.0,0.8868,0.4621,0.0,0.8868,0.4621,0.0,0.3003,0.9539,0.0,0.3003,0.9539,0.0,0.3003,0.9539,0.3825,0.9192,0.0936,0.3825,0.9192,0.0936,0.3825,0.9192,0.0936,0.9234,0.3785,0.064,0.9234,0.3785,0.064,0.9234,0.3785,0.064,-0.9234,0.3785,0.064,-0.9234,0.3785,0.064,-0.9234,0.3785,0.064,-0.3825,0.9192,0.0936,-0.3825,0.9192,0.0936,-0.3825,0.9192,0.0936,0.0,0.0876,-0.9962,0.0,0.0876,-0.9962,0.0,0.0876,-0.9962,0.9995,-0.0029,0.033,0.9995,-0.0029,0.033,0.9995,-0.0029,0.033,-0.9995,-0.0029,0.033,-0.9995,-0.0029,0.033,-0.9995,-0.0029,0.033,0.0,-0.0876,0.9962,0.0,-0.0876,0.9962,0.0,-0.0876,0.9962,0.0,0.9962,0.0876,0.0,0.9962,0.0876,0.0,0.9962,0.0876,0.0,0.9539,-0.3003,0.0,0.9539,-0.3003,0.0,0.9539,-0.3003,0.0,0.4621,-0.8868,0.0,0.4621,-0.8868,0.0,0.4621,-0.8868,0.0,0.8868,0.4621,0.0,0.8868,0.4621,0.0,0.8868,0.4621,0.0,0.3003,0.9539,0.0,0.3003,0.9539,0.0,0.3003,0.9539,0.3825,0.9192,0.0936,0.3825,0.9192,0.0936,0.3825,0.9192,0.0936,0.9234,0.3785,0.064,0.9234,0.3785,0.064,0.9234,0.3785,0.064,-0.9234,0.3785,0.064,-0.9234,0.3785,0.064,-0.9234,0.3785,0.064,-0.3825,0.9192,0.0936,-0.3825,0.9192,0.0936,-0.3825,0.9192,0.0936,0.0,0.0876,-0.9962,0.0,0.0876,-0.9962,0.0,0.0876,-0.9962],
  "Ns" : 500.00000,
  "Ka" : [0.80000,0.80000,0.80000],
  "Kd" : [0.80000,0.80000,0.80000],
  "Ks" : [0.80000,0.80000,0.80000],
  "d" : 1.00000,
  "illum" : 2
}